,Record MIA,"Client participation (CIA, user, subject)",Source inference,Property / distribution inference,Reconstruction,Auditing / lower bounds
Worst-case record DP,3,2,2,0,0,4
Client-level DP,0,1,0,0,0,2
Metric / d-privacy,1,1,0,0,1,0
Distributional notions,2,0,0,1,1,2
Data-dependent calibration,0,1,0,0,1,0
Secure agg. / distributed DP / shuffling,2,0,1,1,1,0
Generalization & regularization,8,1,1,1,0,0
Personalization / clustering,1,0,0,0,0,0
Input or representation perturbation,1,0,0,0,4,0
Robust aggregation,0,0,1,1,0,0
