direction,criterion,author,reviewer
D1,novelty,3,2
D1,expected_gain_vs_metric_privacy,4,3
D1,feasibility,4,4
D1,theoretical_soundness,4,2
D2,novelty,4,3
D2,expected_gain_vs_metric_privacy,3,3
D2,feasibility,3,2
D2,theoretical_soundness,3,2
D3,novelty,3,2
D3,expected_gain_vs_metric_privacy,2,2
D3,feasibility,3,3
D3,theoretical_soundness,3,3
D4,novelty,3,2
D4,expected_gain_vs_metric_privacy,3,2
D4,feasibility,3,4
D4,theoretical_soundness,3,2
D5,novelty,2,2
D5,expected_gain_vs_metric_privacy,2,2
D5,feasibility,4,3
D5,theoretical_soundness,3,2
D6,novelty,2,2
D6,expected_gain_vs_metric_privacy,2,2
D6,feasibility,3,4
D6,theoretical_soundness,3,2
