mechanism,seed,target,score_clean,score_noisy,n_rounds
global-dp,42,0,0.62,1.0,100
global-dp,42,1,0.73,0.98,100
global-dp,42,2,0.72,0.91,100
global-dp,42,3,0.79,0.9,100
global-dp,42,4,0.78,1.0,100
global-dp,42,5,0.35,0.99,100
global-dp,42,6,0.2,0.97,100
global-dp,42,7,0.98,0.98,100
global-dp,42,8,0.94,1.0,100
global-dp,42,9,0.64,1.0,100
global-dp,43,0,0.45,0.97,100
global-dp,43,1,0.64,0.12,100
global-dp,43,2,0.8,1.0,100
global-dp,43,3,0.7,0.9,100
global-dp,43,4,0.42,0.96,100
global-dp,43,5,0.57,0.94,100
global-dp,43,6,0.83,0.97,100
global-dp,43,7,0.7,0.16,100
global-dp,43,8,0.5,0.82,100
global-dp,43,9,0.5,0.13,100
global-dp,44,0,0.68,0.34,100
global-dp,44,1,0.78,0.83,100
global-dp,44,2,0.81,0.66,100
global-dp,44,3,0.77,0.99,100
metric-privacy,42,0,0.61,0.73,100
metric-privacy,42,1,0.83,0.87,100
metric-privacy,42,2,0.6,0.91,100
metric-privacy,42,3,0.81,0.87,100
metric-privacy,42,4,0.85,0.89,100
metric-privacy,42,5,0.55,1.0,100
metric-privacy,42,6,0.4,0.95,100
metric-privacy,42,7,0.99,0.96,100
metric-privacy,42,8,0.77,0.99,100
metric-privacy,42,9,0.72,1.0,100
metric-privacy,43,0,0.34,0.96,100
metric-privacy,43,1,0.55,0.53,100
metric-privacy,43,2,0.67,1.0,100
metric-privacy,43,3,0.66,0.96,100
metric-privacy,43,4,0.45,0.9,100
metric-privacy,43,5,0.47,0.96,100
metric-privacy,43,6,0.93,0.84,100
metric-privacy,43,7,0.65,0.47,100
metric-privacy,43,8,0.66,0.89,100
metric-privacy,43,9,0.66,0.5,100
metric-privacy,44,0,0.76,0.27,100
metric-privacy,44,1,0.67,0.08,100
metric-privacy,44,2,0.51,0.4,100
metric-privacy,44,3,0.74,0.81,100
