mechanism,round,mean_gap_clean,mean_gap_noisy,n
global-dp,1,0.0988371473935475,0.13345698911130421,24
global-dp,2,0.012643968025921187,0.013659856242652054,24
global-dp,3,0.03703057151419404,0.06439808851877576,24
global-dp,4,0.05235714356538242,0.05974029912943352,24
global-dp,5,0.05008463770956809,0.13857487747383865,24
global-dp,6,0.008722693228947637,0.150758521216038,24
global-dp,7,0.02695268292621224,0.1876373884591799,24
global-dp,8,0.026118905796387513,0.20739973859087543,24
global-dp,9,0.04678300071017586,0.2865467257601965,24
global-dp,10,0.03160443161606752,0.32834001374266064,24
global-dp,11,0.04605076767331536,0.3307424584855791,24
global-dp,12,0.03284886124309356,0.2531522266655475,24
global-dp,13,0.03693413979627321,0.2646953799981175,24
global-dp,14,0.047598850138183324,0.2858992044100235,24
global-dp,15,0.042357754174600186,0.30943390812357396,24
global-dp,16,0.056764876306655464,0.3977935258680581,24
global-dp,17,0.05985097774608158,0.34345220610341975,24
global-dp,18,0.04722621943376679,0.40875999635601884,24
global-dp,19,0.022302811239445632,0.5126381745794081,24
global-dp,20,0.0741371189906989,0.5631646622476106,24
global-dp,21,0.09685084057129849,0.5623699279873455,24
global-dp,22,0.020408569941699876,0.31562882500704276,24
global-dp,23,0.04670738990290745,0.3750105669651795,24
global-dp,24,0.04860214546277663,0.45780695526633863,24
global-dp,25,0.04766662109751826,0.3735299006880351,24
global-dp,26,0.047849520620955356,0.5035280562356133,24
global-dp,27,0.046603727825014596,0.5529623096632378,24
global-dp,28,0.04959303503118225,0.5770225037069373,24
global-dp,29,-0.011533744171866873,0.5799883624256271,24
global-dp,30,0.027929246700118038,0.542660713149067,24
global-dp,31,0.04216337813828308,0.598076551936169,24
global-dp,32,0.010085058567074662,0.625855252844535,24
global-dp,33,0.02011897116902148,0.5655079523403295,24
global-dp,34,0.04373658841976102,0.7105991320642336,24
global-dp,35,0.03839153277879628,0.5558881248911967,24
global-dp,36,0.02638523749003946,0.6104104866076449,24
global-dp,37,0.012412325376730786,0.7384717225765685,24
global-dp,38,0.05838851948288481,0.6916485025251714,24
global-dp,39,0.020198552092080022,0.6886470309068238,24
global-dp,40,0.003388548240037797,0.7245079865724917,24
global-dp,41,-0.014693787268633884,0.6972183151444072,24
global-dp,42,0.017463608805531758,0.6415800561805279,24
global-dp,43,0.04666693424289848,0.7015396988317231,24
global-dp,44,0.013427346220187217,0.6634607647762575,24
global-dp,45,0.02748286633968915,0.9742018833557992,24
global-dp,46,0.04176733139203004,0.9179456729365277,24
global-dp,47,0.003430811193552756,0.7678478040714779,24
global-dp,48,0.03146371965214738,0.6039692255173356,24
global-dp,49,0.01929166723964182,0.5328368389990509,24
global-dp,50,0.01052788962883243,0.566010739367365,24
global-dp,51,0.030177308101245925,0.588680397901858,24
global-dp,52,0.02015473036449079,0.6594461734758753,24
global-dp,53,0.030585426492490186,0.507705763161426,24
global-dp,54,0.024425386976599007,0.7021150353148004,24
global-dp,55,-0.009332969267198865,0.7506260056354592,24
global-dp,56,0.03488772587711874,0.8033528074714141,24
global-dp,57,0.028937392672466727,0.6299873096028308,24
global-dp,58,0.031244665466337265,0.7369656880684268,24
global-dp,59,0.019042513908804525,0.7639602942193987,24
global-dp,60,0.0066185840245393925,0.8334834944619613,24
global-dp,61,0.028469502295024374,0.7941301061230398,24
global-dp,62,0.05039934002788405,0.960482159000502,24
global-dp,63,0.015467106674734952,1.017188739403618,24
global-dp,64,0.03589694232311282,0.8119663519525094,24
global-dp,65,0.004448333557910548,0.7220685077208507,24
global-dp,66,0.014911227931675675,1.010647324319147,24
global-dp,67,-0.012837061374523562,0.8484456824990376,24
global-dp,68,-0.002376501553700106,0.7495174699611655,24
global-dp,69,0.01829884331306594,0.7410086685665412,24
global-dp,70,0.000583230833351585,0.7815189205658667,24
global-dp,71,0.0018052896767762467,0.9197701365098996,24
global-dp,72,0.031384480455196456,0.8546680983753876,24
global-dp,73,0.005613906472379133,0.7340379877416853,24
global-dp,74,0.03152460005903821,0.9277183120087602,24
global-dp,75,0.01784202946970875,1.0250401445439221,24
global-dp,76,0.06430814456666865,1.1803750671271003,24
global-dp,77,0.0013281876497402319,1.0058686196998083,24
global-dp,78,0.023626170786645456,0.7807882869228001,24
global-dp,79,0.012656764949410012,0.7256644467101082,24
global-dp,80,0.02711515112507024,0.7758899484978539,24
global-dp,81,0.04915951325249222,0.9520781750654423,24
global-dp,82,0.024115044574687463,1.0011239688633442,24
global-dp,83,0.007017026424774299,1.0574165967983553,24
global-dp,84,0.0239879324132591,0.972078008679587,24
global-dp,85,0.010227425305759395,0.9677321724005085,24
global-dp,86,0.0033611288728821677,0.7716253380591277,24
global-dp,87,0.01177990212554648,1.2808890671972317,24
global-dp,88,0.026663422137187323,1.0892993484884377,24
global-dp,89,0.014038483785577573,0.9873341953018934,24
global-dp,90,0.026070185194993323,1.1855458856863683,24
global-dp,91,-0.010460714556111117,1.291789742071187,24
global-dp,92,0.04052579786177429,1.2403292426423909,24
global-dp,93,0.015482117727979664,1.522400536836762,24
global-dp,94,0.020990823892377098,1.2703682372178868,24
global-dp,95,0.014148488350098803,1.3595925172203402,24
global-dp,96,0.030285444965112856,1.296019735480488,24
global-dp,97,0.030980057898794797,1.2904204780773771,24
global-dp,98,0.018727246390040485,1.2790014077233893,24
global-dp,99,0.01660475824942244,1.3638759626108676,24
global-dp,100,0.02836782629194472,1.3032900200541306,24
metric-privacy,1,0.09574749232332351,0.13321920045118024,24
metric-privacy,2,0.021757187488805434,0.016521325708688306,24
metric-privacy,3,0.06065776873889278,0.06215661445211912,24
metric-privacy,4,0.04975856865475833,0.047219075555874436,24
metric-privacy,5,0.04915339608958336,0.12596283388344584,24
metric-privacy,6,0.03498312467188534,0.1938890376715063,24
metric-privacy,7,0.04492945914907917,0.2120421480527898,24
metric-privacy,8,0.01667758423780628,0.19421214172416046,24
metric-privacy,9,0.06441030296389869,0.22982493638945942,24
metric-privacy,10,0.07781915200293191,0.26012089069854566,24
metric-privacy,11,0.05173356916968245,0.28793292386469366,24
metric-privacy,12,0.04525598223939006,0.17985082452286263,24
metric-privacy,13,0.03691538637420702,0.1997547741886605,24
metric-privacy,14,0.06693805533695653,0.286075771083195,24
metric-privacy,15,0.04696471167047015,0.15033741638861362,24
metric-privacy,16,0.055469663865013154,0.33645037000202355,24
metric-privacy,17,0.04805757571452774,0.35191830000996277,24
metric-privacy,18,0.052518298367578854,0.46088009757372106,24
metric-privacy,19,0.026723598899325973,0.523948562443394,24
metric-privacy,20,0.05151051804468928,0.66429898596289,24
metric-privacy,21,0.06601378308320158,0.5827049502210951,24
metric-privacy,22,0.011677596999315908,0.401139023197096,24
metric-privacy,23,0.02603852141708564,0.41022767219639983,24
metric-privacy,24,0.06384567110721837,0.4284111967686502,24
metric-privacy,25,0.04845104877301646,0.38578910455006726,24
metric-privacy,26,0.04400205524087439,0.47170735031779937,24
metric-privacy,27,0.08176159700480279,0.5327689425110981,24
metric-privacy,28,0.062105386782081044,0.5023967952374496,24
metric-privacy,29,0.00407560876907128,0.5338287566617257,24
metric-privacy,30,0.03162131937392199,0.43059724668658106,24
metric-privacy,31,0.01256983559499017,0.47724437512055373,24
metric-privacy,32,0.04753859613911431,0.5841294462474336,24
metric-privacy,33,0.06489930925112569,0.4955014120778123,24
metric-privacy,34,0.025658974074790702,0.5668960590345838,24
metric-privacy,35,0.06297462034493097,0.43577828046604966,24
metric-privacy,36,0.0476659113783357,0.3749016194644656,24
metric-privacy,37,0.018144060551008406,0.5437421052735009,24
metric-privacy,38,0.08212672116574654,0.5615160978440528,24
metric-privacy,39,0.050698505035744766,0.5983650200457334,24
metric-privacy,40,0.020443949464753555,0.5192250041807585,24
metric-privacy,41,2.9677626267447566e-05,0.5337548141308339,24
metric-privacy,42,0.028831707392144124,0.4750379590161868,24
metric-privacy,43,0.046963727163076584,0.5103042051951774,24
metric-privacy,44,0.01802010110384775,0.30978178143486695,24
metric-privacy,45,0.013006580481032272,0.6766686507004187,24
metric-privacy,46,0.0562456349706997,0.5434657718226065,24
metric-privacy,47,0.08222544881029319,0.5827023380492012,24
metric-privacy,48,0.030695433912612577,0.40824837695658145,24
metric-privacy,49,0.06525583897398511,0.5656749357714527,24
metric-privacy,50,0.024500546443881634,0.4614387641289274,24
metric-privacy,51,0.03248605601622894,0.5361707173615581,24
metric-privacy,52,0.04007925201017425,0.4987353745557423,24
metric-privacy,53,0.04393193058546754,0.3055293505338604,24
metric-privacy,54,0.03202318537082086,0.3691047896952555,24
metric-privacy,55,0.008322207112718782,0.44546205503369957,24
metric-privacy,56,0.029562199366124267,0.2980571617118614,24
metric-privacy,57,0.01829512501581021,0.3102532613673726,24
metric-privacy,58,0.06739128963712347,0.5331325973334912,24
metric-privacy,59,0.030876715891795317,0.5726329033498069,24
metric-privacy,60,0.058326617860039176,0.4366066458918508,24
metric-privacy,61,0.0380238885799014,0.5120405405834784,24
metric-privacy,62,0.017299896900346102,0.45409397870949997,24
metric-privacy,63,0.028299949949730393,0.5822551341416645,24
metric-privacy,64,0.05142052147448103,0.43433216669449237,24
metric-privacy,65,0.036855903769544354,0.29379342857793483,24
metric-privacy,66,0.05153664674441671,0.5818386474160441,24
metric-privacy,67,0.049622663919475944,0.34981164221749333,24
metric-privacy,68,0.025602495103881306,0.511688305753637,24
metric-privacy,69,0.03559415285931226,0.37628987571892963,24
metric-privacy,70,0.06693584259188816,0.37174599950830123,24
metric-privacy,71,0.02763375383030552,0.40881638585823316,24
metric-privacy,72,0.010114367582860299,0.4403441555125435,24
metric-privacy,73,0.0338508831108163,0.17130006678929002,24
metric-privacy,74,0.03706168800194608,0.2747191050189698,24
metric-privacy,75,0.003062492708478564,0.39799826427234003,24
metric-privacy,76,0.03969392571975111,0.6806751530720149,24
metric-privacy,77,0.02677776685926453,0.49477711675348407,24
metric-privacy,78,0.02122237514521086,0.39437549998313653,24
metric-privacy,79,0.032473954089362975,0.4304805380487134,24
metric-privacy,80,0.05329262110347879,0.3729792579735947,24
metric-privacy,81,0.00996492539362037,0.39727913388492225,24
metric-privacy,82,0.023681202407554263,0.44683972073875894,24
metric-privacy,83,0.03864476622369836,0.5865953299924748,24
metric-privacy,84,0.04213418883261306,0.29661702820948826,24
metric-privacy,85,0.022564804199379885,0.5984530094825297,24
metric-privacy,86,0.008824352651917068,0.20277072878623256,24
metric-privacy,87,0.010496561236318707,0.620333324402717,24
metric-privacy,88,0.0087109512082583,0.5155515575043776,24
metric-privacy,89,0.027226605998737493,0.5428651083853905,24
metric-privacy,90,0.04144503031529996,0.3448519844435487,24
metric-privacy,91,0.031928154971600196,0.7718590755834017,24
metric-privacy,92,0.026298332339051118,0.8380402796957102,24
metric-privacy,93,0.010848389643630718,0.6470117876947022,24
metric-privacy,94,0.02293520160132632,0.7142352028710524,24
metric-privacy,95,0.042193936288313416,0.7277556340156544,24
metric-privacy,96,0.02632241945669413,0.6552809059778401,24
metric-privacy,97,0.034949047272039444,0.8264066448291948,24
metric-privacy,98,0.04554620445089049,0.9076174896114754,24
metric-privacy,99,0.025673377214595106,0.8766003438347484,24
metric-privacy,100,0.011576379883134829,0.6453313573965765,24
