seed,client,mean_log_shift,max_log_shift,share_rounds_in_max_pair
42,0,0.0,0.0,0.0
42,1,0.0,0.0,0.0
42,2,0.0,0.0,0.0
42,3,0.0,0.0,0.0
42,4,0.0,0.0,0.0
42,5,0.0,0.0,0.0
42,6,0.0,0.0,0.0
42,7,0.002166052148970871,0.026737417972057028,0.18
42,8,0.00032383696769295407,0.016560802624126666,0.02
42,9,0.0023168865165048473,0.06291034343636959,0.11
42,10,0.0012596851882058628,0.04103857588030742,0.07
42,11,0.0,0.0,0.0
42,12,0.0,0.0,0.0
42,13,0.0,0.0,0.0
42,14,0.0,0.0,0.0
42,15,0.0,0.0,0.0
42,16,0.0,0.0,0.0
42,17,0.0,0.0,0.0
42,18,0.00503068351444942,0.04707663660320402,0.38
42,19,0.0,0.0,0.0
42,20,0.0,0.0,0.0
42,21,0.0,0.0,0.0
42,22,0.0,0.0,0.0
42,23,0.004782534270320819,0.04074225363751201,0.34
42,24,0.0,0.0,0.0
42,25,0.0,0.0,0.0
42,26,0.0,0.0,0.0
42,27,0.0,0.0,0.0
42,28,0.00022448522139652635,0.010052230300776597,0.03
42,29,3.386686125008617e-05,0.00229095008694702,0.02
42,30,0.0,0.0,0.0
42,31,0.0,0.0,0.0
42,32,0.0,0.0,0.0
42,33,0.00014649446859418293,0.006056140290224333,0.04
42,34,0.0,0.0,0.0
42,35,2.0228965793549572e-05,0.0020228965793549574,0.01
42,36,0.0,0.0,0.0
42,37,0.0004888422551065956,0.011112785265812625,0.1
42,38,0.0,0.0,0.0
42,39,0.0,0.0,0.0
42,40,0.016858008750882107,0.07106143448519571,0.7
42,41,0.0,0.0,0.0
42,42,0.0,0.0,0.0
42,43,0.0,0.0,0.0
42,44,0.0,0.0,0.0
42,45,0.0,0.0,0.0
42,46,0.0,0.0,0.0
42,47,0.0,0.0,0.0
43,0,0.0,0.0,0.0
43,1,0.0,0.0,0.0
43,2,0.0,0.0,0.0
43,3,0.0003349648892476476,0.012449690325185446,0.06
43,4,0.0,0.0,0.0
43,5,0.0,0.0,0.0
43,6,0.0005764480528815371,0.019999488397120978,0.07
43,7,0.0,0.0,0.0
43,8,0.0,0.0,0.0
43,9,0.0,0.0,0.0
43,10,0.0,0.0,0.0
43,11,0.0,0.0,0.0
43,12,0.0,0.0,0.0
43,13,0.004879544259041973,0.058392029499774074,0.32
43,14,0.0,0.0,0.0
43,15,0.001102839886856794,0.02045293742903523,0.1
43,16,0.0,0.0,0.0
43,17,0.0,0.0,0.0
43,18,0.0,0.0,0.0
43,19,0.0,0.0,0.0
43,20,0.0,0.0,0.0
43,21,0.0,0.0,0.0
43,22,0.0,0.0,0.0
43,23,0.0,0.0,0.0
43,24,0.0,0.0,0.0
43,25,0.0,0.0,0.0
43,26,0.0,0.0,0.0
43,27,0.0,0.0,0.0
43,28,0.004407653247670957,0.04267484876188,0.3
43,29,0.0,0.0,0.0
43,30,0.0,0.0,0.0
43,31,0.009686013929719487,0.11754299192846959,0.33
43,32,0.0,0.0,0.0
43,33,0.0,0.0,0.0
43,34,0.0,0.0,0.0
43,35,0.0,0.0,0.0
43,36,0.000649813865724056,0.024000992470905078,0.04
43,37,0.0030028175660740575,0.05277160100605784,0.18
43,38,0.0,0.0,0.0
43,39,0.0,0.0,0.0
43,40,0.0,0.0,0.0
43,41,0.0,0.0,0.0
43,42,0.0,0.0,0.0
43,43,0.002831708724850805,0.12283012919806927,0.06
43,44,0.00018335763443683956,0.010226715144126045,0.05
43,45,0.0,0.0,0.0
43,46,0.011044246921394368,0.08900930158707332,0.49
43,47,0.0,0.0,0.0
44,0,0.0,0.0,0.0
44,1,0.0,0.0,0.0
44,2,0.0,0.0,0.0
44,3,0.0,0.0,0.0
44,4,0.0,0.0,0.0
44,5,0.009778438991014661,0.07860506222787685,0.47
44,6,0.0,0.0,0.0
44,7,0.0,0.0,0.0
44,8,0.010556392013955201,0.05813828402757037,0.52
44,9,0.0,0.0,0.0
44,10,0.0,0.0,0.0
44,11,0.0,0.0,0.0
44,12,0.0,0.0,0.0
44,13,0.0,0.0,0.0
44,14,0.0,0.0,0.0
44,15,0.0,0.0,0.0
44,16,0.0,0.0,0.0
44,17,0.0,0.0,0.0
44,18,0.0,0.0,0.0
44,19,0.0,0.0,0.0
44,20,0.0037261729439229912,0.04911270529319947,0.27
44,21,0.0,0.0,0.0
44,22,0.0,0.0,0.0
44,23,0.0,0.0,0.0
44,24,0.0,0.0,0.0
44,25,0.0,0.0,0.0
44,26,0.0,0.0,0.0
44,27,0.0,0.0,0.0
44,28,0.0,0.0,0.0
44,29,0.0,0.0,0.0
44,30,2.01533737182301e-05,0.00201533737182301,0.01
44,31,0.002483133311510485,0.03062563041246297,0.16
44,32,0.0,0.0,0.0
44,33,0.00034404132221945815,0.013301551100425519,0.03
44,34,0.0,0.0,0.0
44,35,0.0,0.0,0.0
44,36,0.011796140841005704,0.06833992710009239,0.53
44,37,0.0,0.0,0.0
44,38,0.0,0.0,0.0
44,39,0.0,0.0,0.0
44,40,0.0,0.0,0.0
44,41,0.0,0.0,0.0
44,42,0.0,0.0,0.0
44,43,0.0,0.0,0.0
44,44,0.0,0.0,0.0
44,45,0.0,0.0,0.0
44,46,0.0,0.0,0.0
44,47,0.00032617918120935965,0.032617918120935965,0.01
