mechanism,seed,target,rounds,n_in,n_out,noise_to_signal_in_median,true_noise_logratio_mean,observed_norm_logratio_mean,frac_rounds_observed_in_lt_out
global-dp,42,0,100,48,47,5.728731055858503,-2.2204460492503136e-16,-6.48239550643019e-05,0.66
global-dp,42,1,100,48,47,5.728731055858503,-2.2204460492503136e-16,4.30150817967889e-05,0.56
global-dp,42,2,100,48,47,5.728731055858503,-2.2204460492503136e-16,-0.00018089966867223278,0.77
global-dp,42,3,100,48,47,5.728731055858503,-2.2204460492503136e-16,-0.00020932761267150897,0.68
global-dp,42,4,100,48,47,5.728731055858503,-2.2204460492503136e-16,-5.575038259953341e-05,0.51
global-dp,42,5,100,48,47,5.728731055858503,-2.2204460492503136e-16,-0.0003927580963873121,0.66
global-dp,42,6,100,48,47,5.728731055858503,-2.2204460492503136e-16,-0.0002883036448414051,0.67
global-dp,42,7,100,48,47,5.728731055858503,-2.2204460492503136e-16,0.0007802196654781376,0.23
global-dp,42,8,100,48,47,5.728731055858503,-2.2204460492503136e-16,-0.00039838836993481516,0.76
global-dp,42,9,100,48,47,5.728731055858503,-2.2204460492503136e-16,-0.00029078997480194973,0.75
global-dp,43,0,100,48,47,6.22722439990363,-2.2204460492503136e-16,0.00012649658770030946,0.47
global-dp,43,1,100,48,47,6.22722439990363,-2.2204460492503136e-16,9.849378226295643e-05,0.49
global-dp,43,2,100,48,47,6.22722439990363,-2.2204460492503136e-16,-5.8000053487895916e-05,0.55
global-dp,43,3,100,48,47,6.22722439990363,-2.2204460492503136e-16,0.0005863569646229685,0.23
global-dp,43,4,100,48,47,6.22722439990363,-2.2204460492503136e-16,-0.0001264259284285947,0.64
global-dp,43,5,100,48,47,6.22722439990363,-2.2204460492503136e-16,-0.00011878560550861304,0.7
global-dp,43,6,100,48,47,6.22722439990363,-2.2204460492503136e-16,0.00027811340544121394,0.47
global-dp,43,7,100,48,47,6.22722439990363,-2.2204460492503136e-16,3.547904688680748e-05,0.53
global-dp,43,8,100,48,47,6.22722439990363,-2.2204460492503136e-16,-0.00011078397696579778,0.63
global-dp,43,9,100,48,47,6.22722439990363,-2.2204460492503136e-16,-0.00010803718061632833,0.63
global-dp,44,0,100,48,47,5.714670388762416,-2.2204460492503136e-16,-3.64735353898413e-05,0.59
global-dp,44,1,100,48,47,5.714670388762416,-2.2204460492503136e-16,5.206795592206476e-05,0.54
global-dp,44,2,100,48,47,5.714670388762416,-2.2204460492503136e-16,-0.00010120644561561565,0.64
global-dp,44,3,100,48,47,5.714670388762416,-2.2204460492503136e-16,-4.3485421668403056e-05,0.6
metric-privacy,42,0,100,48,47,9.020841114804643,-0.003928815594072203,-0.003865094133840575,0.54
metric-privacy,42,1,100,48,47,9.020841114804643,-0.010847354648493292,-0.010639206565132363,0.72
metric-privacy,42,2,100,48,47,9.020841114804643,-0.0015854220429179558,-0.0015864980554217737,0.54
metric-privacy,42,3,100,48,47,9.020841114804643,0.004026674118712055,0.004006178526831197,0.45
metric-privacy,42,4,100,48,47,9.020841114804643,-0.0037115007359451013,-0.0036169704659621887,0.55
metric-privacy,42,5,100,48,47,9.020841114804643,-0.005133416454921007,-0.005085266050409252,0.62
metric-privacy,42,6,100,48,47,9.020841114804643,-0.0025979429782862547,-0.0026292660269242873,0.56
metric-privacy,42,7,100,48,47,9.020841114804643,-0.0015396518729658179,-0.0011343215322804584,0.55
metric-privacy,42,8,100,48,47,9.020841114804643,-0.005033262143742893,-0.005007961240877463,0.6
metric-privacy,42,9,100,48,47,9.020841114804643,-0.004156296612511137,-0.004111495367892958,0.56
metric-privacy,43,0,100,48,47,10.080572678368213,9.431970997364283e-05,5.8093939434262967e-05,0.45
metric-privacy,43,1,100,48,47,10.080572678368213,0.0009692590687674408,0.0009063816340426307,0.43
metric-privacy,43,2,100,48,47,10.080572678368213,0.005245566799227917,0.005098843308843027,0.4
metric-privacy,43,3,100,48,47,10.080572678368213,-0.0032367430153880795,-0.002962583584337505,0.48
metric-privacy,43,4,100,48,47,10.080572678368213,-0.0021865766709391883,-0.0022389260840335844,0.48
metric-privacy,43,5,100,48,47,10.080572678368213,0.002425675081620904,0.0023889085305800273,0.38
metric-privacy,43,6,100,48,47,10.080572678368213,0.0008026919695586721,0.0009305509029339153,0.52
metric-privacy,43,7,100,48,47,10.080572678368213,-0.001235220989853832,-0.001173326564065943,0.49
metric-privacy,43,8,100,48,47,10.080572678368213,0.0036887830936624044,0.003617680666454233,0.42
metric-privacy,43,9,100,48,47,10.080572678368213,-0.001761757918373682,-0.0017279390045325212,0.52
metric-privacy,44,0,100,48,47,9.067658215471024,0.005224759021188242,0.00519893921415856,0.46
metric-privacy,44,1,100,48,47,9.067658215471024,0.007787189241853429,0.007830225513781416,0.42
metric-privacy,44,2,100,48,47,9.067658215471024,0.004504415976040852,0.004511370101225817,0.41
metric-privacy,44,3,100,48,47,9.067658215471024,0.0010657715067468934,0.0010949168172180185,0.54
