study,setting,mechanism,metric,value,source
AUC-targeted noise sweep (landed points),Alzheimer homogeneous,global-dp,accuracy_pct | folded paired score (seeds 42-44),86.90 | 0.758,research/project_evidence_audit.md
AUC-targeted noise sweep (landed points),CIFAR-10 homogeneous,global-dp,accuracy_pct | folded paired score (seeds 42-44),17.20 | 0.583,research/project_evidence_audit.md
AUC-targeted noise sweep (landed points),CIFAR-10 homogeneous,metric-privacy,accuracy_pct | folded paired score (seeds 42-44),45.96 | 0.717,research/project_evidence_audit.md
AUC-targeted noise sweep (landed points),CIFAR-10 non-iid,global-dp,accuracy_pct | folded paired score (seeds 42-44),56.61 | 0.700,research/project_evidence_audit.md
AUC-targeted noise sweep (landed points),CIFAR-10 non-iid,metric-privacy,accuracy_pct | folded paired score (seeds 42-44),27.61 | 0.550,research/project_evidence_audit.md
AUC-targeted noise sweep (landed points),EuroSAT homogeneous,global-dp,accuracy_pct | folded paired score (seeds 42-44),89.56 | 0.697,research/project_evidence_audit.md
AUC-targeted noise sweep (landed points),EuroSAT homogeneous,metric-privacy,accuracy_pct | folded paired score (seeds 42-44),84.51 | 0.576,research/project_evidence_audit.md
AUC-targeted noise sweep (landed points),EuroSAT non-iid,global-dp,accuracy_pct | folded paired score (seeds 42-44),89.41 | 0.636,research/project_evidence_audit.md
AUC-targeted noise sweep (landed points),EuroSAT non-iid,metric-privacy,accuracy_pct | folded paired score (seeds 42-44),86.63 | 0.576,research/project_evidence_audit.md
AUC-targeted noise sweep (landed points),Fashion-MNIST non-iid,global-dp,accuracy_pct | folded paired score (seeds 42-44),94.73 | 0.606,research/project_evidence_audit.md
"EuroSAT per-client frontier (alpha 0.3, 48 clients, nr 0.001546)","seed 42, 10 targets",global-dp,"mean per-target score, clean | noisy shadow view",0.675 | 0.973,results/cia_frontier/eurosat_frontier/results/frontier/*/measurements.json
"EuroSAT per-client frontier (alpha 0.3, 48 clients, nr 0.001546)","seed 43, 10 targets",global-dp,"mean per-target score, clean | noisy shadow view",0.611 | 0.697,results/cia_frontier/eurosat_frontier/results/frontier/*/measurements.json
"EuroSAT per-client frontier (alpha 0.3, 48 clients, nr 0.001546)","seed 44, 4 targets",global-dp,"mean per-target score, clean | noisy shadow view",0.760 | 0.705,results/cia_frontier/eurosat_frontier/results/frontier/*/measurements.json
"EuroSAT per-client frontier (alpha 0.3, 48 clients, nr 0.001546)","seed 42, 10 targets",metric-privacy,"mean per-target score, clean | noisy shadow view",0.713 | 0.917,results/cia_frontier/eurosat_frontier/results/frontier/*/measurements.json
"EuroSAT per-client frontier (alpha 0.3, 48 clients, nr 0.001546)","seed 43, 10 targets",metric-privacy,"mean per-target score, clean | noisy shadow view",0.604 | 0.801,results/cia_frontier/eurosat_frontier/results/frontier/*/measurements.json
"EuroSAT per-client frontier (alpha 0.3, 48 clients, nr 0.001546)","seed 44, 4 targets",metric-privacy,"mean per-target score, clean | noisy shadow view",0.670 | 0.390,results/cia_frontier/eurosat_frontier/results/frontier/*/measurements.json
Influence-directed noise pilot (EuroSAT),f=0 (isotropic control),influence-noise,IN accuracy_pct | attack score,86.0 | 0.55,results/cia_frontier/influence_noise/README.md
Influence-directed noise pilot (EuroSAT),f=0.05,influence-noise,IN accuracy_pct | attack score,85.2 | 0.58,results/cia_frontier/influence_noise/README.md
Influence-directed noise pilot (EuroSAT),f=0.5 (stopped),influence-noise,IN accuracy_pct | attack score,70.8 | nan,results/cia_frontier/influence_noise/README.md
"Stacked head vs paper mechanisms, Part 1 (matched calibrated risk)",fmnist_classes4to7 risk 0.65,ours minus global-dp,mean CE-gain difference [95% CI] | baseline realized oracle AUC,"-0.0109 [-0.0192, -0.0030] | 0.649",results/stacked_head/comparison_part1_report.json
"Stacked head vs paper mechanisms, Part 1 (matched calibrated risk)",fmnist_classes4to7 risk 0.8,ours minus global-dp,mean CE-gain difference [95% CI] | baseline realized oracle AUC,"-0.0426 [-0.0618, -0.0256] | 0.800",results/stacked_head/comparison_part1_report.json
"Stacked head vs paper mechanisms, Part 1 (matched calibrated risk)",kmnist_classes0to3 risk 0.65,ours minus global-dp,mean CE-gain difference [95% CI] | baseline realized oracle AUC,"-0.0216 [-0.0322, -0.0120] | 0.650",results/stacked_head/comparison_part1_report.json
"Stacked head vs paper mechanisms, Part 1 (matched calibrated risk)",kmnist_classes0to3 risk 0.8,ours minus global-dp,mean CE-gain difference [95% CI] | baseline realized oracle AUC,"-0.0996 [-0.1259, -0.0758] | 0.800",results/stacked_head/comparison_part1_report.json
"Stacked head vs paper mechanisms, Part 1 (matched calibrated risk)",kmnist_classes4to7 risk 0.65,ours minus global-dp,mean CE-gain difference [95% CI] | baseline realized oracle AUC,"+0.0025 [-0.0037, +0.0089] | 0.650",results/stacked_head/comparison_part1_report.json
"Stacked head vs paper mechanisms, Part 1 (matched calibrated risk)",kmnist_classes4to7 risk 0.8,ours minus global-dp,mean CE-gain difference [95% CI] | baseline realized oracle AUC,"-0.0780 [-0.0992, -0.0580] | 0.800",results/stacked_head/comparison_part1_report.json
"Stacked head vs paper mechanisms, Part 1 (matched calibrated risk)",mnist_classes0to3 risk 0.65,ours minus global-dp,mean CE-gain difference [95% CI] | baseline realized oracle AUC,"+0.0057 [+0.0028, +0.0085] | 0.642",results/stacked_head/comparison_part1_report.json
"Stacked head vs paper mechanisms, Part 1 (matched calibrated risk)",mnist_classes0to3 risk 0.8,ours minus global-dp,mean CE-gain difference [95% CI] | baseline realized oracle AUC,"-0.0077 [-0.0141, -0.0020] | 0.797",results/stacked_head/comparison_part1_report.json
"Stacked head vs paper mechanisms, Part 1 (matched calibrated risk)",mnist_classes4to7 risk 0.65,ours minus global-dp,mean CE-gain difference [95% CI] | baseline realized oracle AUC,"+0.0017 [+0.0006, +0.0030] | 0.648",results/stacked_head/comparison_part1_report.json
"Stacked head vs paper mechanisms, Part 1 (matched calibrated risk)",mnist_classes4to7 risk 0.8,ours minus global-dp,mean CE-gain difference [95% CI] | baseline realized oracle AUC,"-0.0123 [-0.0174, -0.0081] | 0.800",results/stacked_head/comparison_part1_report.json
"Stacked head vs paper mechanisms, Part 1 (matched calibrated risk)",fmnist_classes4to7 risk 0.65,ours minus metric-privacy,mean CE-gain difference [95% CI] | baseline realized oracle AUC,"-0.0067 [-0.0149, +0.0045] | 0.655",results/stacked_head/comparison_part1_report.json
"Stacked head vs paper mechanisms, Part 1 (matched calibrated risk)",fmnist_classes4to7 risk 0.8,ours minus metric-privacy,mean CE-gain difference [95% CI] | baseline realized oracle AUC,"-0.0387 [-0.0567, -0.0234] | 0.792",results/stacked_head/comparison_part1_report.json
"Stacked head vs paper mechanisms, Part 1 (matched calibrated risk)",kmnist_classes0to3 risk 0.65,ours minus metric-privacy,mean CE-gain difference [95% CI] | baseline realized oracle AUC,"-0.0254 [-0.0392, -0.0129] | 0.666",results/stacked_head/comparison_part1_report.json
"Stacked head vs paper mechanisms, Part 1 (matched calibrated risk)",kmnist_classes0to3 risk 0.8,ours minus metric-privacy,mean CE-gain difference [95% CI] | baseline realized oracle AUC,"-0.0988 [-0.1273, -0.0724] | 0.803",results/stacked_head/comparison_part1_report.json
"Stacked head vs paper mechanisms, Part 1 (matched calibrated risk)",kmnist_classes4to7 risk 0.65,ours minus metric-privacy,mean CE-gain difference [95% CI] | baseline realized oracle AUC,"-0.0045 [-0.0127, +0.0034] | 0.682",results/stacked_head/comparison_part1_report.json
"Stacked head vs paper mechanisms, Part 1 (matched calibrated risk)",kmnist_classes4to7 risk 0.8,ours minus metric-privacy,mean CE-gain difference [95% CI] | baseline realized oracle AUC,"-0.0943 [-0.1205, -0.0702] | 0.840",results/stacked_head/comparison_part1_report.json
"Stacked head vs paper mechanisms, Part 1 (matched calibrated risk)",mnist_classes0to3 risk 0.65,ours minus metric-privacy,mean CE-gain difference [95% CI] | baseline realized oracle AUC,"+0.0062 [+0.0036, +0.0087] | 0.626",results/stacked_head/comparison_part1_report.json
"Stacked head vs paper mechanisms, Part 1 (matched calibrated risk)",mnist_classes0to3 risk 0.8,ours minus metric-privacy,mean CE-gain difference [95% CI] | baseline realized oracle AUC,"-0.0042 [-0.0093, +0.0010] | 0.736",results/stacked_head/comparison_part1_report.json
"Stacked head vs paper mechanisms, Part 1 (matched calibrated risk)",mnist_classes4to7 risk 0.65,ours minus metric-privacy,mean CE-gain difference [95% CI] | baseline realized oracle AUC,"+0.0032 [+0.0015, +0.0049] | 0.621",results/stacked_head/comparison_part1_report.json
"Stacked head vs paper mechanisms, Part 1 (matched calibrated risk)",mnist_classes4to7 risk 0.8,ours minus metric-privacy,mean CE-gain difference [95% CI] | baseline realized oracle AUC,"-0.0081 [-0.0132, -0.0033] | 0.729",results/stacked_head/comparison_part1_report.json
"Metric-privacy noise level, 3-client CIA plan suite (nm 0.01, fixed)","alzheimer, 3 seeds x 20 rounds",metric-privacy,mean sigma_IN/sigma_OUT | mean d_IN/d_OUT | share rounds target in max pair,0.660 | 1.032 | 0.983,results/contest_at_scale/plan_suite/results/alzheimer/(in|out)_remove
"Metric-privacy noise level, 3-client CIA plan suite (nm 0.01, fixed)","cifar, 3 seeds x 20 rounds",metric-privacy,mean sigma_IN/sigma_OUT | mean d_IN/d_OUT | share rounds target in max pair,0.617 | 1.093 | 0.983,results/contest_at_scale/plan_suite/results/cifar/(in|out)_remove
"Metric-privacy noise level, 3-client CIA plan suite (nm 0.01, fixed)","fashion, 3 seeds x 20 rounds",metric-privacy,mean sigma_IN/sigma_OUT | mean d_IN/d_OUT | share rounds target in max pair,0.615 | 1.093 | 0.967,results/contest_at_scale/plan_suite/results/fashion/(in|out)_remove
"Metric-privacy leave-one-out noise shift, EuroSAT 48 clients (one-round counterfactual)",seed 42,metric-privacy,max per-client mean log shift | share of clients with mean shift > 1%,0.0169 | 0.021,results/cia_frontier/eurosat_frontier/results/frontier/metric-privacy-r0.001546-seed-42-in
"Metric-privacy leave-one-out noise shift, EuroSAT 48 clients (one-round counterfactual)",seed 43,metric-privacy,max per-client mean log shift | share of clients with mean shift > 1%,0.0110 | 0.021,results/cia_frontier/eurosat_frontier/results/frontier/metric-privacy-r0.001546-seed-43-in
"Metric-privacy leave-one-out noise shift, EuroSAT 48 clients (one-round counterfactual)",seed 44,metric-privacy,max per-client mean log shift | share of clients with mean shift > 1%,0.0118 | 0.042,results/cia_frontier/eurosat_frontier/results/frontier/metric-privacy-r0.001546-seed-44-in
