mechanism,feature,score,n,spearman,p
global-dp,rel_mean_distance,score_clean,24,0.5526546914654649,0.005100410221555795
global-dp,rel_mean_distance,score_noisy,24,0.1548244786132754,0.47007015068404684
global-dp,weight,score_clean,24,0.5754081748665668,0.0032625991830996645
global-dp,weight,score_noisy,24,0.10936309822590001,0.6109649154670772
global-dp,update_norm,score_clean,24,0.5635337208250212,0.0041355013660393045
global-dp,update_norm,score_noisy,24,0.1885009894980839,0.3777170657019879
metric-privacy,rel_mean_distance,score_clean,24,0.6451899277219519,0.000663447193859152
metric-privacy,rel_mean_distance,score_noisy,24,0.16972180174348697,0.4278625898645052
metric-privacy,weight,score_clean,24,0.594600831314201,0.0021817021384499913
metric-privacy,weight,score_noisy,24,0.11586359243705091,0.5897947633053765
metric-privacy,update_norm,score_clean,24,0.6495434360061757,0.0005929235035884389
metric-privacy,update_norm,score_noisy,24,0.2185877189549794,0.30481263464172614
