mechanism,seed,target,rel_mean_distance,weight,update_norm,score_clean,score_noisy,n_rounds
global-dp,42,0,0.9639686454497814,0.014077979259602575,3.007530378228194,0.62,1.0,100
global-dp,42,1,0.8637303972678595,0.006894154452233365,2.346664317851063,0.73,0.98,100
global-dp,42,2,1.0443179543964098,0.02334743062394992,3.610883706619961,0.72,0.91,100
global-dp,42,3,1.065034642902206,0.027229013382770458,3.786404117173999,0.79,0.9,100
global-dp,42,4,1.0840038048886762,0.032095475349052854,3.8517984555819877,0.78,1.0,100
global-dp,42,5,0.9621903327337258,0.013904177046521074,3.017743698951661,0.35,0.99,100
global-dp,42,6,0.9025308150137091,0.01060193499797232,2.584298541912507,0.2,0.97,100
global-dp,42,7,1.1883043456086064,0.05046057586466602,4.404004205445782,0.98,0.98,100
global-dp,42,8,1.0415197968672587,0.02369503505011301,3.5670535182056806,0.94,1.0,100
global-dp,42,9,1.1168343831109113,0.029488442152830082,4.016485494316361,0.64,1.0,100
metric-privacy,42,0,0.9639686454497814,0.014077979259602575,3.007530378228194,0.61,0.73,100
metric-privacy,42,1,0.8637303972678595,0.006894154452233365,2.346664317851063,0.83,0.87,100
metric-privacy,42,2,1.0443179543964098,0.02334743062394992,3.610883706619961,0.6,0.91,100
metric-privacy,42,3,1.065034642902206,0.027229013382770458,3.786404117173999,0.81,0.87,100
metric-privacy,42,4,1.0840038048886762,0.032095475349052854,3.8517984555819877,0.85,0.89,100
metric-privacy,42,5,0.9621903327337258,0.013904177046521074,3.017743698951661,0.55,1.0,100
metric-privacy,42,6,0.9025308150137091,0.01060193499797232,2.584298541912507,0.4,0.95,100
metric-privacy,42,7,1.1883043456086064,0.05046057586466602,4.404004205445782,0.99,0.96,100
metric-privacy,42,8,1.0415197968672587,0.02369503505011301,3.5670535182056806,0.77,0.99,100
metric-privacy,42,9,1.1168343831109113,0.029488442152830082,4.016485494316361,0.72,1.0,100
global-dp,43,0,0.8882660986312894,0.007763165517640919,2.432372524657077,0.45,0.97,100
global-dp,43,1,1.0090515520819279,0.020624529285672873,3.3122699856910844,0.64,0.12,100
global-dp,43,2,1.011429511799407,0.01575806731939051,3.366991914296749,0.8,1.0,100
global-dp,43,3,1.077561331882116,0.03730954174149825,3.7801201063594965,0.7,0.9,100
global-dp,43,4,0.9519220541519747,0.010544000926945154,2.9523385804467432,0.42,0.96,100
global-dp,43,5,0.9761344220385424,0.01575806731939051,3.0748656080587176,0.57,0.94,100
global-dp,43,6,1.0908943403658091,0.03707780545738958,3.806341872820534,0.83,0.97,100
global-dp,43,7,0.9067659658100721,0.008168704014831135,2.658532841005258,0.7,0.16,100
global-dp,43,8,1.0162070865446458,0.020392793001564203,3.3398372351866357,0.5,0.82,100
global-dp,43,9,0.9770952708668602,0.017264353166096983,3.1082728658756436,0.5,0.13,100
metric-privacy,43,0,0.8882660986312894,0.007763165517640919,2.432372524657077,0.34,0.96,100
metric-privacy,43,1,1.0090515520819279,0.020624529285672873,3.3122699856910844,0.55,0.53,100
metric-privacy,43,2,1.011429511799407,0.01575806731939051,3.366991914296749,0.67,1.0,100
metric-privacy,43,3,1.077561331882116,0.03730954174149825,3.7801201063594965,0.66,0.96,100
metric-privacy,43,4,0.9519220541519747,0.010544000926945154,2.9523385804467432,0.45,0.9,100
metric-privacy,43,5,0.9761344220385424,0.01575806731939051,3.0748656080587176,0.47,0.96,100
metric-privacy,43,6,1.0908943403658091,0.03707780545738958,3.806341872820534,0.93,0.84,100
metric-privacy,43,7,0.9067659658100721,0.008168704014831135,2.658532841005258,0.65,0.47,100
metric-privacy,43,8,1.0162070865446458,0.020392793001564203,3.3398372351866357,0.66,0.89,100
metric-privacy,43,9,0.9770952708668602,0.017264353166096983,3.1082728658756436,0.66,0.5,100
global-dp,44,0,0.9965146130740838,0.015179606025492492,3.2132085750687134,0.68,0.34,100
global-dp,44,1,1.0456429466793828,0.027578215527230547,3.501550086357545,0.78,0.83,100
global-dp,44,2,0.9564807485522994,0.015411355735805323,2.9535445562442617,0.81,0.66,100
global-dp,44,3,0.9961282142383903,0.02132097334878333,3.1814601027180123,0.77,0.99,100
metric-privacy,44,0,0.9965146130740838,0.015179606025492492,3.2132085750687134,0.76,0.27,100
metric-privacy,44,1,1.0456429466793828,0.027578215527230547,3.501550086357545,0.67,0.08,100
metric-privacy,44,2,0.9564807485522994,0.015411355735805323,2.9535445562442617,0.51,0.4,100
metric-privacy,44,3,0.9961282142383903,0.02132097334878333,3.1814601027180123,0.74,0.81,100
