key,year,authors,title,doi,family,guarantee,relevance_1to3,note
Nissim2007Smooth,2007,"Kobbi Nissim, Sofya Raskhodnikova, Adam Smith",Smooth sensitivity and sampling in private data analysis,10.1145/1250790.1250803,DP foundations,DP (local sensitivity),2,Smooth sensitivity: noise scaled to data-dependent local sensitivity with formal DP.
Abadi2016DPSGD,2016,"Martı́n Abadi, Andy Chu, Ian Goodfellow, H. Brendan McMahan et al.",Deep Learning with Differential Privacy,10.1145/2976749.2978318,DP foundations,"(eps,delta)-DP",2,DP-SGD and moments accountant.
Dong2022GDP,2022,"Jinshuo Dong, Aaron Roth, Weijie Su",Gaussian Differential Privacy,10.1111/rssb.12454,DP foundations,f-DP / GDP,3,"Trade-off-function DP, Gaussian DP, CLT composition."
Wang2022PTRRDP,2022,"Jiachen T. Wang, Saeed Mahloujifar, Shouda Wang, Ruoxi Jia et al.",Renyi Differential Privacy of Propose-Test-Release and Applications to Private and Robust Machine Learning,10.48550/arxiv.2209.07716,DP foundations,RDP of PTR,2,RDP analysis of propose-test-release for adaptive robust queries (robust SGD).
Jagielski2020Auditing,2020,"Matthew Jagielski, Jonathan Ullman, Alina Oprea",Auditing Differentially Private Machine Learning: How Private is Private SGD?,10.48550/arxiv.2006.07709,auditing and evaluation,audit,2,Empirical lower bounds on DP-SGD epsilon via poisoning.
Nasr2021Instantiation,2021,"Milad Nasr, Shuang Song, Abhradeep Thakurta, Nicolas Papernot et al.",Adversary Instantiation: Lower Bounds for Differentially Private Machine Learning,10.1109/sp40001.2021.00069,auditing and evaluation,audit,2,Adversary instantiation: lower bounds tight under strong threat models.
Carlini2022LiRA,2022,"Nicholas Carlini, Steve Chien, Milad Nasr, Shuang Song et al.",Membership Inference Attacks From First Principles,10.1109/sp46214.2022.9833649,auditing and evaluation,empirical,3,Likelihood-ratio attack; TPR at low FPR as the evaluation standard.
Maddock2022CANIFE,2022,"Samuel Maddock, Alexandre Sablayrolles, Pierre Stock",CANIFE: Crafting Canaries for Empirical Privacy Measurement in Federated Learning,10.48550/arxiv.2210.02912,auditing and evaluation,audit,3,Crafted canary clients measure per-round empirical epsilon in FL; 4-5x below theory.
Nasr2023TightAuditing,2023,"Milad Nasr, Jamie Hayes, Thomas Steinke, Borja Balle et al.",Tight Auditing of Differentially Private Machine Learning,10.48550/arxiv.2302.07956,auditing and evaluation,audit,2,Tight auditing of DP-SGD.
Steinke2023OneRun,2023,"Thomas Steinke, Milad Nasr, Matthew Jagielski",Privacy Auditing with One (1) Training Run,10.48550/arxiv.2305.08846,auditing and evaluation,audit,2,Privacy auditing in one training run.
Andrew2023OneShot,2023,"Galen Andrew, Peter Kairouz, Sewoong Oh, Alina Oprea et al.",One-shot Empirical Privacy Estimation for Federated Learning,10.48550/arxiv.2302.03098,auditing and evaluation,audit,3,One-shot empirical privacy estimation for FL with random canary clients.
Xue2021FedInfluence,2021,"Yihao Xue, Chaoyue Niu, Zhenzhe Zheng, Shaojie Tang et al.",Toward Understanding the Influence of Individual Clients in Federated Learning,10.1609/aaai.v35i12.17263,client influence,analysis,2,Fed-Influence estimates a client's effect on the final model.
Carlini2022Onion,2022,"Nicholas Carlini, Matthew Jagielski, Chiyuan Zhang, Nicolas Papernot et al.",The Privacy Onion Effect: Memorization is Relative,10.48550/arxiv.2206.10469,client influence,analysis,2,Removing the most exposed points exposes the next layer.
Humphries2023Dependencies,2023,"Thomas Humphries, Simon Oya, Lindsey Tulloch, Matthew Rafuse et al.",Investigating Membership Inference Attacks under Data Dependencies,10.1109/csf57540.2023.00013,client influence,analysis,2,Correlated data strengthen MIAs and weaken DP's empirical protection.
McMahan2018DPLM,2017,"H. Brendan McMahan, Daniel Ramage, Kunal Talwar, Li Zhang",Learning Differentially Private Recurrent Language Models,10.48550/arxiv.1710.06963,client-level DP in FL,user-level DP,3,"DP-FedAvg with user-level clipping, bounded weights and client sampling."
Geyer2017ClientDP,2017,"Geyer, Robin C., Tassilo Klein, Moin Nabi",Differentially Private Federated Learning: A Client Level Perspective,10.48550/arxiv.1712.07557,client-level DP in FL,client-level DP,2,Client-level DP via randomized client sampling and noise.
Levy2021UserLevel,2021,"Levy, Daniel, Ziteng Sun, Kareem Amin, Satyen Kale et al.",Learning with User-Level Privacy,10.48550/arxiv.2102.11845,client-level DP in FL,user-level DP,2,"User-level DP mean estimation with error scaling as concentration radius rather than range; cost O(1/sqrt(m)) in samples, O(1/n) in users."
Shi2025DPFedSAM,2025,"Yifan Shi, Kang Wei, Li Shen, Yingqi Liu et al.",Toward the Flatter Landscape and Better Generalization in Federated Learning Under Client-Level Differential Privacy,10.1109/tpami.2025.3597922,client-level DP in FL,client-level RDP,2,"SAM inside client-level DPFL yields flatter, smaller updates more robust to noise."
Kiani2025TimeAdaptive,2025,"Shahrzad Kiani, Kulkarni, Nupur, Adam Dziedzic, Stark C. Draper et al.",Differentially Private Federated Learning With Time-Adaptive Privacy Spending,10.48550/arxiv.2502.18706,client-level DP in FL,DP,2,Time-adaptive privacy spending across rounds.
Yang2023CIP,2023,"Yuchen Yang, Haolin Yuan, Bo Hui, Neil Zhenqiang Gong et al.",Fortifying Federated Learning against Membership Inference Attacks via Client-level Input Perturbation,10.1109/dsn58367.2023.00037,client-level defenses,empirical,2,Client-level personalized input perturbation shifts each client's distribution; MIA near chance at <=0.7% accuracy loss.
Jung2025IFCAMIR,2025,"Kangsoo Jung, Sayan Biswas, Catuscia Palamidessi",Mitigating Membership Inference Vulnerability in Personalized Federated Learning,10.48550/arxiv.2503.09414,client-level defenses,empirical,2,Clustered PFL raises MIA risk for minorities; risk-aware cluster selection.
Athanasiou2026SIAprotect,2026,"Andreas Athanasiou, Kangsoo Jung, Catuscia Palamidessi",Protection against Source Inference Attacks in Federated Learning,10.48550/arxiv.2603.02017,client-level defenses,empirical (shuffle model),2,Parameter-level shuffling with residue number system defends SIA without accuracy loss; DP ineffective against SIA at good accuracy.
Zhao2026FinP,2026,"Tianyu Zhao, Mahmoud Srewa, Salma Elmalaki",FinP: Fairness-in-Privacy in Federated Learning by Addressing Disparities in Privacy Risk,10.56553/popets-2026-0136,client-level defenses,empirical,3,Fairness-in-privacy: risk-weighted server aggregation plus client regularization against localized overfitting; targets disproportionate outlier risk under SIA.
Bai2026CoFedMID,2026,"Li Bai, Junxu Liu, Sen Zhang, Xinwei Zhang et al.",United We Defend: Collaborative Membership Inference Defenses in Federated Learning,10.48550/arxiv.2601.06866,client-level defenses,empirical,2,Collaborative defense against trajectory MIAs: memorization limits plus aggregation-neutral cancelling noise.
Hu2021SIA,2021,"Hongsheng Hu, Zoran A. Salcic, Lichao Sun, Gillian Dobbie et al.",Source Inference Attacks in Federated Learning,10.1109/icdm51629.2021.00129,client-level inference attacks,empirical,2,Server infers which client owns a training record from local-model losses.
Suri2022SubjectMIA,2022,"Anshuman Suri, Pallika H. Kanani, Virendra J. Marathe, Peterson, Daniel W.",Subject Membership Inference Attacks in Federated Learning,10.48550/arxiv.2206.03317,client-level inference attacks,empirical,2,Subject-level membership inference in cross-silo FL with distribution-only adversary knowledge; attacks potent.
Hu2023SIAext,2023,"Hongsheng Hu, Xuyun Zhang, Zoran A. Salcic, Lichao Sun et al.",Source Inference Attacks: Beyond Membership Inference Attacks in Federated Learning,10.1109/tdsc.2023.3321565,client-level inference attacks,empirical,2,Extended SIA; stronger under non-IID.
Kandpal2024UserInference,2024,"Nikhil Kandpal, Krishna Pillutla, Alina Oprea, Peter Kairouz et al.",User Inference Attacks on Large Language Models,10.18653/v1/2024.emnlp-main.1014,client-level inference attacks,empirical,3,"User inference on LLMs with black-box access and non-training samples; outliers, correlated examples and large contribution raise risk; partial mitigations."
Andrew2021AdaptiveClip,2019,"Galen Andrew, Om Dipakbhai Thakkar, H. Brendan McMahan, Swaroop Ramaswamy",Differentially Private Learning with Adaptive Clipping,10.48550/arxiv.1905.03871,data-dependent calibration,DP (privatized quantile),3,Clipping norm adapted to a privately estimated update-norm quantile; template for privatizing metric privacy's distance.
Papernot2021HPTuning,2021,"Nicolas Papernot, Thomas Steinke",Hyperparameter Tuning with Renyi Differential Privacy,10.48550/arxiv.2110.03620,data-dependent calibration,RDP,2,Hyperparameters set from non-private runs leak; RDP bounds for private tuning.
Debenedetti2023SideChannels,2023,"Edoardo Debenedetti, Giorgio Severi, Nicholas Carlini, Christopher A. Choquette-Choo et al.",Privacy Side Channels in Machine Learning Systems,10.48550/arxiv.2309.05610,data-dependent calibration,empirical,2,"System components (filters, deduplication) create privacy side channels beyond the model."
Kifer2014Pufferfish,2014,"Daniel Kifer, Ashwin Machanavajjhala",Pufferfish,10.1145/2514689,distributional / MI-based privacy,Pufferfish,3,General framework for prior-dependent privacy definitions; DP as a special case.
Triastcyn2019BDPFL,2019,"Aleksei Triastcyn, Boi V. Faltings",Federated Learning with Bayesian Differential Privacy,10.1109/bigdata47090.2019.9005465,distributional / MI-based privacy,Bayesian DP (distributional),3,Bayesian DP accounting in FL for similarly distributed data; client-level epsilon below 1; closest client-level distributional accounting.
Triastcyn2019BDP,2019,"Aleksei Triastcyn, Boi V. Faltings",Bayesian Differential Privacy for Machine Learning,10.48550/arxiv.1901.09697,distributional / MI-based privacy,Bayesian DP,2,Bayesian DP for ML.
Chen2022DistributionPrivacy,2022,"Michelle Chen, Olga Ohrimenko",Protecting Global Properties of Datasets with Distribution Privacy Mechanisms,10.48550/arxiv.2207.08367,distributional / MI-based privacy,distribution privacy,2,Distribution privacy framework for confidential dataset-level properties; Wasserstein and Gaussian mechanisms.
Izzo2022MIP,2022,"Zachary Izzo, Jinsung Yoon, Sercan Ö. Arık, James Zou",Provable Membership Inference Privacy,10.48550/arxiv.2211.06582,distributional / MI-based privacy,MIP,2,Membership inference privacy achievable with less randomness than DP; wrapper for continuous outputs.
Thudi2022BoundingMI,2022,"Anvith Thudi, Ilia Shumailov, Franziska Boenisch, Nicolas Papernot",Bounding Membership Inference,10.48550/arxiv.2202.12232,distributional / MI-based privacy,DP-derived MI precision bound,2,Tighter MI positive-accuracy bound under DP; subsampling amplification.
Leemann2023GMIP,2023,"Tobias Leemann, Martin Pawelczyk, Gjergji Kasneci",Gaussian Membership Inference Privacy,10.48550/arxiv.2306.07273,distributional / MI-based privacy,f-MIP / mu-GMIP (distributional),3,Hypothesis-testing MI privacy; noiseless SGD is O(sqrt(d/n))-GMIP; GLiR analytic attack; less noise than GDP when n >= d.
Xiao2023PAC,2023,"Hanshen Xiao, Srinivas Devadas",PAC Privacy: Automatic Privacy Measurement and Control of Data Processing,10.1007/978-3-031-38545-2_20,distributional / MI-based privacy,PAC privacy,2,Noise calibrated by simulating the algorithm over the data distribution; instance-based.
Kaissis2023RelaxedThreat,2023,"Georgios Kaissis, Alexander Ziller, Stefan Kolek, Anneliese Riess et al.",Optimal privacy guarantees for a relaxed threat model: Addressing sub-optimal adversaries in differentially private machine learning,10.52202/075280-2435,distributional / MI-based privacy,relaxed-threat DP,3,Hypothesis-testing characterization of MI by sub-optimal adversaries lacking the exact database but holding related or partial data (the CIA attacker's position).
Biswas2025Shatter,2024,"Sayan Biswas, Mathieu Even, Anne-Marie Kermarrec, Laurent Massoulié et al.",Noiseless Privacy-Preserving Decentralized Learning,10.56553/popets-2025-0043,distributional / MI-based privacy,analysis (no DP),2,Virtual nodes share model chunks to hide origin in decentralized learning; reduces attack efficacy without noise.
Yeom2018Overfitting,2018,"Samuel Yeom, Irene Giacomelli, Matt Fredrikson, Somesh Jha",Privacy Risk in Machine Learning: Analyzing the Connection to Overfitting,10.1109/csf.2018.00027,generalization and MI,analysis,3,MI advantage tied to generalization gap.
Yuan2022ParticipationGap,2021,"Honglin Yuan, Warren R. Morningstar, Lin Ning, Karan Singhal",What Do We Mean by Generalization in Federated Learning?,10.48550/arxiv.2110.14216,generalization and MI,analysis,3,Separates out-of-sample gap from participation gap (unseen client distributions) in FL.
Liu2021GenOutperformDP,2021,"Jiaxiang Liu, Simon Oya, Florian Kerschbaum",Generalization Techniques Empirically Outperform Differential Privacy against Membership Inference,10.48550/arxiv.2110.05524,generalization and MI,empirical,2,Generalization techniques can beat DP empirically against MIA.
Kim2023SAMRisk,2023,"Young In Kim, Agiollo, Andrea, Pratiksha Agrawal, Johannes Ø. Røyset et al.",Membership Privacy Risks of Sharpness Aware Minimization,10.48550/arxiv.2310.00488,generalization and MI,empirical,2,SAM more prone to MIA than SGD across datasets and attacks despite lower test error; captures atypical subpatterns.
Feldman2021RenyiFilter,2020,"Vitaly Feldman, Tijana Zrnic",Individual Privacy Accounting via a Renyi Filter,10.48550/arxiv.2008.11193,individual privacy,individual RDP filter,2,Individual privacy accounting with a Renyi filter.
Yu2022IndividualAccounting,2022,"Da Yu, Gautam Kamath, Janardhan Kulkarni, Tie‐Yan Liu et al.",Individual Privacy Accounting for Differentially Private Stochastic Gradient Descent,10.48550/arxiv.2206.02617,individual privacy,individual DP accounting,2,Per-example privacy tracks gradient norms; low-accuracy groups get worse privacy.
Bai2024MIASurvey,2024,"Li Bai, Haibo Hu, Qingqing Ye, Haoyang Li et al.",Membership Inference Attacks and Defenses in Federated Learning: A Survey,10.1145/3704633,membership inference in FL,survey,2,Survey of MIAs and defenses in FL; record-level focus.
Zhu2025FedMIA,2025,"Gongxi Zhu, Donghao Li, Hanlin Gu, Yuan Yao et al.","FedMIA: An Effective Membership Inference Attack Exploiting ""All for One"" Principle in Federated Learning",10.1109/cvpr52734.2025.01922,membership inference in FL,empirical,2,One-tailed LRT using non-target clients' updates across rounds; robust to defenses and non-IID.
Chatzikokolakis2013Metrics,2013,"Konstantinos Chatzikokolakis, Miguel E. Andrés, Nicolás E. Bordenabe, Catuscia Palamidessi",Broadening the Scope of Differential Privacy Using Metrics,10.1007/978-3-642-39077-7_5,metric privacy foundations,d-privacy,2,Generalizes DP to arbitrary metrics (d-privacy).
Faustini2022Directional,2022,"Pedro Faustini, Natasha Fernandes, Tonni, Shakila, Annabelle K. McIver et al.",Directional Privacy for Deep Learning,10.48550/arxiv.2211.04686,metric privacy in FL,epsilon-DP and epsilon-d-privacy,2,von Mises-Fisher gradient perturbation preserving direction; compared on reconstruction and MIA.
Galli2023GroupPrivacyPFL,2023,"Filippo Galli, Sayan Biswas, Kangsoo Jung, Tommaso Cucinotta et al.",Group Privacy for Personalized Federated Learning,10.5220/0011885000003405,metric privacy in FL,d-privacy (formal),3,Formal d-privacy for personalized FL across heterogeneous client groups; closest formal metric-privacy FL work.
SainzPardo2025arxiv,2025,"Judith Sáinz-Pardo Díaz, Andreas Athanasiou, Kangsoo Jung, Catuscia Palamidessi et al.",Metric Privacy in Federated Learning for Medical Imaging: Improving Convergence and Preventing Client Inference Attacks,10.48550/arxiv.2502.01352,metric privacy in FL (baseline),none (heuristic),3,Preprint of the baseline paper.
SainzPardo2026,2026,"Judith Sáinz-Pardo Díaz, Andreas Athanasiou, Kangsoo Jung, Catuscia Palamidessi et al.",Metric-privacy-inspired noise calibration in federated learning: Improving convergence and preventing client inference attacks,10.1016/j.knosys.2026.115993,metric privacy in FL (baseline),none (heuristic),3,Server noise std zC/(n d_t) with d_t the max pairwise client-model distance; introduces CIA; compares to global DP without matched protection.
Salem2023SoKGames,2023,"Ahmed Salem, Giovanni Cherubin, David M Evans, Boris Köpf et al.",SoK: Let the Privacy Games Begin! A Unified Treatment of Data Inference Privacy in Machine Learning,10.1109/sp46215.2023.10179281,privacy definitions and games,framework,2,Game-based systematization of inference risks; relations between definitions.
Karimireddy2021CenteredClip,2020,"Sai Praneeth Karimireddy, Lie He, Martin Jaggi",Learning from History for Byzantine Robust Optimization,10.48550/arxiv.2012.10333,robustness and privacy,Byzantine robustness,2,Centered (iterative) clipping around history plus momentum.
Hopkins2023RobustPrivacy,2023,"Samuel B. Hopkins, Gautam Kamath, Mahbod Majid, Shyam Narayanan",Robustness Implies Privacy in Statistical Estimation,10.1145/3564246.3585115,robustness and privacy,DP,2,Black-box reduction from privacy to robustness for high-dimensional estimation.
Asi2023RobustPrivacy,2023,"Hilal Asi, Jonathan Ullman, Lydia Zakynthinou",From Robustness to Privacy and Back,10.48550/arxiv.2302.01855,robustness and privacy,pure DP,2,Robust-to-private transformation; optimal low-dimensional private error equals robust error at 1/epsilon corruptions.
